tool,impact,confidence,evidence,capability_flags
get_historical_stock_prices,3,0.8,tier-3 verbs: get,
get_stock_info,3,0.8,tier-3 verbs: get,
get_yahoo_finance_news,3,0.8,tier-3 verbs: get,
get_stock_actions,3,0.8,tier-3 verbs: get,
get_financial_statement,3,0.8,tier-3 verbs: get,
get_holder_info,3,0.8,tier-3 verbs: get,
get_option_expiration_dates,2,0.8,"tier-3 verbs: get, fetch; return-shape marker -> capped at 2",
get_option_chain,3,0.8,"tier-3 verbs: get, fetch",
get_recommendations,3,0.8,tier-3 verbs: get,
