index,timestamp,org,persona,category,asset,tool,status,args,output,run_id,synthetic
1,2026-08-06T13:00:01,github_helios,sweep-hi@github_helios,SWEEP_HI,branch-heads,create_branch,OK,"{""owner"": ""To2004"", ""repo"": ""helios-scada-gateway"", ""branch"": ""sweep/hi-2026-08-06"", ""from_branch"": ""main""}","{
  ""ref"": ""refs/heads/sweep/hi-2026-08-06"",
  ""node_id"": ""REF_kwDOTm9SOr5yZWZzL2hlYWRzL3N3ZWVwL2hpLTIwMjYtMDgtMDY"",
  ""url"": ""https://api.github.com/repos/To2004/helios-scada-gateway/git/refs/heads/sweep/hi-2026-08-06"",
  ""object"": {
    ""sha"": ""4884c7ec5dab7812f2dc1dbc5cebcc25b6ea2018"",
    ""type"": ""commit"",
    ""url"": ""https://api.github.com/repos/To2004/helios-scada-gateway/git/commits/4884c7ec5dab7812f2dc1dbc5cebcc25b6ea2018""
  }
}",v8_sweep_hi,false
2,2026-08-06T13:00:02,github_helios,sweep-hi@github_helios,SWEEP_HI,repository-contents,create_or_update_file,OK,"{""owner"": ""To2004"", ""repo"": ""helios-scada-gateway"", ""branch"": ""sweep/hi-2026-08-06"", ""path"": ""sweep-hi-2026-08-06.md"", ""message"": ""[mcp-v8-sweep-hi] perimeter write"", ""content"": ""[mcp-v8-sweep-hi]\n""}","{
  ""content"": {
    ""name"": ""sweep-hi-2026-08-06.md"",
    ""path"": ""sweep-hi-2026-08-06.md"",
    ""sha"": ""b6bf7d385b9d4b65bd70d8d20aea289828e6ede9"",
    ""size"": 18,
    ""url"": ""https://api.github.com/repos/To2004/helios-scada-gateway/contents/sweep-hi-2026-08-06.md?ref=sweep/hi-2026-08-06"",
    ""html_url"": ""https://github.com/To2004/helios-scada-gateway/blob/sweep/hi-2026-08-06/sweep-hi-2026-08-06.md"",
    ""git_url"": ""https://api.github.com/repos/To2004/helios-scada-gateway/git/blobs/b6bf7d385b9d4b65bd70d8d20aea289828e6ede9"",
    ""download_url"": ""https://raw.githubusercontent.com/To2004/helios-scada-gateway/sweep/hi-2026-08-06/sweep-hi-2026-08-06.md?token=BEGUPZHAVDHOTF2HB6SNJS3KORV6A"",
    ""type"": ""file"",
    ""_links"": {
      ""self"": ""https://api.github.com/repos/To2004/helios-scada-gateway/contents/sweep-hi-2026-08-06.md?ref=sweep/hi-2026-08-06"",
      ""git"": ""https://api.github.com/repos/To2004/helios-scada-gateway/git/blobs/b6bf7d385b9d4b65bd70d8d20aea289828e6ede9"",
      ""html"": ""https://github.com/To2004/helios-scada-gateway/blob/sweep/hi-2026-08-06/sweep-hi-2026-08-06.md""
    }
  },
  ""commit"": {
    ""sha"": ""47f1d1d4bd35f2daa0549065bdf4ecfb2da538d6"",
    ""node_id"": ""C_kwDOTm9SOtoAKDQ3ZjFkMWQ0YmQzNWYyZGFhMDU0OTA2NWJkZjRlY2ZiMmRhNTM4ZDY"",
    ""url"": ""https://api.github.com/repos/To2004/helios-scada-gateway/git/commits/47f1d1d4bd35f2daa0549065bdf4ecfb2da538d6"",
    ""html_url"": ""https://github.com/To2004/helios-scada-gateway/commit/47f1d1d4bd35f2daa0549065bdf4ecfb2da538d6"",
    ""author"": {
      ""name"": ""To2004"",
      ""email"": ""151865316+To2004@users.noreply.github.com"",
      ""date"": ""2026-08-06T11:10:27Z""
    },
    ""committer"": {
      ""name"": ""To2004"",
      ""email"": ""151865316+To2004@users.noreply.github.com"",
      ""date"": ""2026-08-06T11:10:27Z""
    },
    ""message"": ""[mcp-v8-sweep-hi] perimeter write"",
    ""tree"": {
      ""sha"": ""5d38bb125c633fdc358bf4827512180664176dff"",
      ""url"": ""https://api.github.com/repos/To2004/helios-scada-gateway/git/trees/5d3",v8_sweep_hi,false
3,2026-08-06T13:00:03,github_helios,sweep-hi@github_helios,SWEEP_HI,repository-contents,push_files,OK,"{""owner"": ""To2004"", ""repo"": ""helios-scada-gateway"", ""branch"": ""sweep/hi-2026-08-06"", ""message"": ""[mcp-v8-sweep-hi] perimeter push"", ""files"": [{""path"": ""sweep-hi-2026-08-06-b.md"", ""content"": ""[mcp-v8-sweep-hi]\n""}]}","{
  ""ref"": ""refs/heads/sweep/hi-2026-08-06"",
  ""node_id"": ""REF_kwDOTm9SOr5yZWZzL2hlYWRzL3N3ZWVwL2hpLTIwMjYtMDgtMDY"",
  ""url"": ""https://api.github.com/repos/To2004/helios-scada-gateway/git/refs/heads/sweep/hi-2026-08-06"",
  ""object"": {
    ""sha"": ""3ba0e3fb3dfc9016478963631c5c4d501ac26364"",
    ""type"": ""commit"",
    ""url"": ""https://api.github.com/repos/To2004/helios-scada-gateway/git/commits/3ba0e3fb3dfc9016478963631c5c4d501ac26364""
  }
}",v8_sweep_hi,false
4,2026-08-06T13:00:04,github_helios,sweep-hi@github_helios,SWEEP_HI,pull-request-records,create_pull_request,OK,"{""owner"": ""To2004"", ""repo"": ""helios-scada-gateway"", ""title"": ""[mcp-v8-sweep-hi] perimeter PR"", ""head"": ""sweep/hi-2026-08-06"", ""base"": ""main"", ""body"": ""[mcp-v8-sweep-hi]""}","{
  ""url"": ""https://api.github.com/repos/To2004/helios-scada-gateway/pulls/30"",
  ""id"": 4220340540,
  ""node_id"": ""PR_kwDOTm9SOs77jUk8"",
  ""html_url"": ""https://github.com/To2004/helios-scada-gateway/pull/30"",
  ""diff_url"": ""https://github.com/To2004/helios-scada-gateway/pull/30.diff"",
  ""patch_url"": ""https://github.com/To2004/helios-scada-gateway/pull/30.patch"",
  ""issue_url"": ""https://api.github.com/repos/To2004/helios-scada-gateway/issues/30"",
  ""number"": 30,
  ""state"": ""open"",
  ""locked"": false,
  ""title"": ""[mcp-v8-sweep-hi] perimeter PR"",
  ""user"": {
    ""login"": ""To2004"",
    ""id"": 151865316,
    ""avatar_url"": ""https://avatars.githubusercontent.com/u/151865316?v=4"",
    ""url"": ""https://api.github.com/users/To2004"",
    ""html_url"": ""https://github.com/To2004""
  },
  ""body"": ""[mcp-v8-sweep-hi]"",
  ""created_at"": ""2026-08-06T11:10:31Z"",
  ""updated_at"": ""2026-08-06T11:10:31Z"",
  ""closed_at"": null,
  ""merged_at"": null,
  ""merge_commit_sha"": null,
  ""assignee"": null,
  ""assignees"": [],
  ""requested_reviewers"": [],
  ""labels"": [],
  ""head"": {
    ""label"": ""To2004:sweep/hi-2026-08-06"",
    ""ref"": ""sweep/hi-2026-08-06"",
    ""sha"": ""3ba0e3fb3dfc9016478963631c5c4d501ac26364"",
    ""user"": {
      ""login"": ""To2004"",
      ""id"": 151865316,
      ""avatar_url"": ""https://avatars.githubusercontent.com/u/151865316?v=4"",
      ""url"": ""https://api.github.com/users/To2004"",
      ""html_url"": ""https://github.com/To2004""
    },
    ""repo"": {
      ""id"": 1315918394,
      ""node_id"": ""R_kgDOTm9SOg"",
      ""name"": ""helios-scada-gateway"",
      ""full_name"": ""To2004/helios-scada-gateway"",
      ""private"": true,
      ""owner"": {
        ""login"": ""To2004"",
        ""id"": 151865316,
        ""node_id"": ""U_kgDOCQ1H5A"",
        ""avatar_url"": ""https://avatars.githubusercontent.com/u/151865316?v=4"",
        ""url"": ""https://api.github.com/users/To2004"",
        ""html_url"": ""https://github.com/To2004"",
        ""type"": ""User""
      },
      ""html_url"": ""https://github.com/To2004/helios-scada-gateway"",
 ",v8_sweep_hi,false
5,2026-08-06T13:00:05,github_helios,sweep-hi@github_helios,SWEEP_HI,pull-requests-and-reviews,create_pull_request_review,OK,"{""owner"": ""To2004"", ""repo"": ""helios-scada-gateway"", ""pull_number"": 30, ""event"": ""COMMENT"", ""body"": ""[mcp-v8-sweep-hi] review""}","{
  ""id"": 4873995948,
  ""node_id"": ""PRR_kwDOTm9SOs8AAAABIoNGrA"",
  ""user"": {
    ""login"": ""To2004"",
    ""id"": 151865316,
    ""avatar_url"": ""https://avatars.githubusercontent.com/u/151865316?v=4"",
    ""url"": ""https://api.github.com/users/To2004"",
    ""html_url"": ""https://github.com/To2004""
  },
  ""body"": ""[mcp-v8-sweep-hi] review"",
  ""state"": ""COMMENTED"",
  ""html_url"": ""https://github.com/To2004/helios-scada-gateway/pull/30#pullrequestreview-4873995948"",
  ""pull_request_url"": ""https://api.github.com/repos/To2004/helios-scada-gateway/pulls/30"",
  ""commit_id"": ""3ba0e3fb3dfc9016478963631c5c4d501ac26364"",
  ""submitted_at"": ""2026-08-06T11:10:32Z"",
  ""author_association"": ""OWNER""
}",v8_sweep_hi,false
6,2026-08-06T13:00:06,github_helios,sweep-hi@github_helios,SWEEP_HI,branch-heads,update_pull_request_branch,ERROR,"{""owner"": ""To2004"", ""repo"": ""helios-scada-gateway"", ""pull_number"": 30}","{""code"": -32603, ""message"": ""Validation Error: There are no new commits on the base branch.\nDetails: {\""message\"":\""There are no new commits on the base branch.\"",\""documentation_url\"":\""https://docs.github.com/rest/pulls/pulls#update-a-pull-request-branch\"",\""status\"":\""422\""}""}",v8_sweep_hi,false
7,2026-08-06T13:00:07,github_helios,sweep-hi@github_helios,SWEEP_HI,branch-heads,merge_pull_request,OK,"{""owner"": ""To2004"", ""repo"": ""helios-scada-gateway"", ""pull_number"": 30, ""commit_title"": ""[mcp-v8-sweep-hi] merge"", ""merge_method"": ""squash""}","{
  ""sha"": ""610a67901edf14c39fc8e679ac30549693477609"",
  ""merged"": true,
  ""message"": ""Pull Request successfully merged""
}",v8_sweep_hi,false
8,2026-08-06T13:00:08,github_helios,sweep-hi@github_helios,SWEEP_HI,branch-heads,create_branch,OK,"{""owner"": ""To2004"", ""repo"": ""helios-grid-infra-config"", ""branch"": ""sweep/hi-2026-08-06"", ""from_branch"": ""main""}","{
  ""ref"": ""refs/heads/sweep/hi-2026-08-06"",
  ""node_id"": ""REF_kwDOTm9SgL5yZWZzL2hlYWRzL3N3ZWVwL2hpLTIwMjYtMDgtMDY"",
  ""url"": ""https://api.github.com/repos/To2004/helios-grid-infra-config/git/refs/heads/sweep/hi-2026-08-06"",
  ""object"": {
    ""sha"": ""cdb06fc7397f0faed390ec0ba2b3c81b23c19f72"",
    ""type"": ""commit"",
    ""url"": ""https://api.github.com/repos/To2004/helios-grid-infra-config/git/commits/cdb06fc7397f0faed390ec0ba2b3c81b23c19f72""
  }
}",v8_sweep_hi,false
9,2026-08-06T13:00:09,github_helios,sweep-hi@github_helios,SWEEP_HI,repository-contents,create_or_update_file,OK,"{""owner"": ""To2004"", ""repo"": ""helios-grid-infra-config"", ""branch"": ""sweep/hi-2026-08-06"", ""path"": ""sweep-hi-2026-08-06.md"", ""message"": ""[mcp-v8-sweep-hi] perimeter write"", ""content"": ""[mcp-v8-sweep-hi]\n""}","{
  ""content"": {
    ""name"": ""sweep-hi-2026-08-06.md"",
    ""path"": ""sweep-hi-2026-08-06.md"",
    ""sha"": ""b6bf7d385b9d4b65bd70d8d20aea289828e6ede9"",
    ""size"": 18,
    ""url"": ""https://api.github.com/repos/To2004/helios-grid-infra-config/contents/sweep-hi-2026-08-06.md?ref=sweep/hi-2026-08-06"",
    ""html_url"": ""https://github.com/To2004/helios-grid-infra-config/blob/sweep/hi-2026-08-06/sweep-hi-2026-08-06.md"",
    ""git_url"": ""https://api.github.com/repos/To2004/helios-grid-infra-config/git/blobs/b6bf7d385b9d4b65bd70d8d20aea289828e6ede9"",
    ""download_url"": ""https://raw.githubusercontent.com/To2004/helios-grid-infra-config/sweep/hi-2026-08-06/sweep-hi-2026-08-06.md?token=BEGUPZFJ4B37XMTNEQUE4FDKORV62"",
    ""type"": ""file"",
    ""_links"": {
      ""self"": ""https://api.github.com/repos/To2004/helios-grid-infra-config/contents/sweep-hi-2026-08-06.md?ref=sweep/hi-2026-08-06"",
      ""git"": ""https://api.github.com/repos/To2004/helios-grid-infra-config/git/blobs/b6bf7d385b9d4b65bd70d8d20aea289828e6ede9"",
      ""html"": ""https://github.com/To2004/helios-grid-infra-config/blob/sweep/hi-2026-08-06/sweep-hi-2026-08-06.md""
    }
  },
  ""commit"": {
    ""sha"": ""3b95ffc295966ed4664aa7ac37d4689921fe555e"",
    ""node_id"": ""C_kwDOTm9SgNoAKDNiOTVmZmMyOTU5NjZlZDQ2NjRhYTdhYzM3ZDQ2ODk5MjFmZTU1NWU"",
    ""url"": ""https://api.github.com/repos/To2004/helios-grid-infra-config/git/commits/3b95ffc295966ed4664aa7ac37d4689921fe555e"",
    ""html_url"": ""https://github.com/To2004/helios-grid-infra-config/commit/3b95ffc295966ed4664aa7ac37d4689921fe555e"",
    ""author"": {
      ""name"": ""To2004"",
      ""email"": ""151865316+To2004@users.noreply.github.com"",
      ""date"": ""2026-08-06T11:10:41Z""
    },
    ""committer"": {
      ""name"": ""To2004"",
      ""email"": ""151865316+To2004@users.noreply.github.com"",
      ""date"": ""2026-08-06T11:10:41Z""
    },
    ""message"": ""[mcp-v8-sweep-hi] perimeter write"",
    ""tree"": {
      ""sha"": ""694bcc98c0f1da3344f8cf08b82a52d5ac319353"",
      ""url"": ""https://api.github.com/repos/To200",v8_sweep_hi,false
10,2026-08-06T13:00:10,github_helios,sweep-hi@github_helios,SWEEP_HI,repository-contents,push_files,OK,"{""owner"": ""To2004"", ""repo"": ""helios-grid-infra-config"", ""branch"": ""sweep/hi-2026-08-06"", ""message"": ""[mcp-v8-sweep-hi] perimeter push"", ""files"": [{""path"": ""sweep-hi-2026-08-06-b.md"", ""content"": ""[mcp-v8-sweep-hi]\n""}]}","{
  ""ref"": ""refs/heads/sweep/hi-2026-08-06"",
  ""node_id"": ""REF_kwDOTm9SgL5yZWZzL2hlYWRzL3N3ZWVwL2hpLTIwMjYtMDgtMDY"",
  ""url"": ""https://api.github.com/repos/To2004/helios-grid-infra-config/git/refs/heads/sweep/hi-2026-08-06"",
  ""object"": {
    ""sha"": ""88c72cf9ba16855c8bc6833acab3ac554a74d923"",
    ""type"": ""commit"",
    ""url"": ""https://api.github.com/repos/To2004/helios-grid-infra-config/git/commits/88c72cf9ba16855c8bc6833acab3ac554a74d923""
  }
}",v8_sweep_hi,false
11,2026-08-06T13:00:11,github_helios,sweep-hi@github_helios,SWEEP_HI,pull-request-records,create_pull_request,OK,"{""owner"": ""To2004"", ""repo"": ""helios-grid-infra-config"", ""title"": ""[mcp-v8-sweep-hi] perimeter PR"", ""head"": ""sweep/hi-2026-08-06"", ""base"": ""main"", ""body"": ""[mcp-v8-sweep-hi]""}","{
  ""url"": ""https://api.github.com/repos/To2004/helios-grid-infra-config/pulls/33"",
  ""id"": 4220341808,
  ""node_id"": ""PR_kwDOTm9SgM77jU4w"",
  ""html_url"": ""https://github.com/To2004/helios-grid-infra-config/pull/33"",
  ""diff_url"": ""https://github.com/To2004/helios-grid-infra-config/pull/33.diff"",
  ""patch_url"": ""https://github.com/To2004/helios-grid-infra-config/pull/33.patch"",
  ""issue_url"": ""https://api.github.com/repos/To2004/helios-grid-infra-config/issues/33"",
  ""number"": 33,
  ""state"": ""open"",
  ""locked"": false,
  ""title"": ""[mcp-v8-sweep-hi] perimeter PR"",
  ""user"": {
    ""login"": ""To2004"",
    ""id"": 151865316,
    ""avatar_url"": ""https://avatars.githubusercontent.com/u/151865316?v=4"",
    ""url"": ""https://api.github.com/users/To2004"",
    ""html_url"": ""https://github.com/To2004""
  },
  ""body"": ""[mcp-v8-sweep-hi]"",
  ""created_at"": ""2026-08-06T11:10:44Z"",
  ""updated_at"": ""2026-08-06T11:10:44Z"",
  ""closed_at"": null,
  ""merged_at"": null,
  ""merge_commit_sha"": null,
  ""assignee"": null,
  ""assignees"": [],
  ""requested_reviewers"": [],
  ""labels"": [],
  ""head"": {
    ""label"": ""To2004:sweep/hi-2026-08-06"",
    ""ref"": ""sweep/hi-2026-08-06"",
    ""sha"": ""88c72cf9ba16855c8bc6833acab3ac554a74d923"",
    ""user"": {
      ""login"": ""To2004"",
      ""id"": 151865316,
      ""avatar_url"": ""https://avatars.githubusercontent.com/u/151865316?v=4"",
      ""url"": ""https://api.github.com/users/To2004"",
      ""html_url"": ""https://github.com/To2004""
    },
    ""repo"": {
      ""id"": 1315918464,
      ""node_id"": ""R_kgDOTm9SgA"",
      ""name"": ""helios-grid-infra-config"",
      ""full_name"": ""To2004/helios-grid-infra-config"",
      ""private"": true,
      ""owner"": {
        ""login"": ""To2004"",
        ""id"": 151865316,
        ""node_id"": ""U_kgDOCQ1H5A"",
        ""avatar_url"": ""https://avatars.githubusercontent.com/u/151865316?v=4"",
        ""url"": ""https://api.github.com/users/To2004"",
        ""html_url"": ""https://github.com/To2004"",
        ""type"": ""User""
      },
      ""html_url"": ""https://github.com/To2",v8_sweep_hi,false
12,2026-08-06T13:00:12,github_helios,sweep-hi@github_helios,SWEEP_HI,pull-requests-and-reviews,create_pull_request_review,OK,"{""owner"": ""To2004"", ""repo"": ""helios-grid-infra-config"", ""pull_number"": 33, ""event"": ""COMMENT"", ""body"": ""[mcp-v8-sweep-hi] review""}","{
  ""id"": 4873997607,
  ""node_id"": ""PRR_kwDOTm9SgM8AAAABIoNNJw"",
  ""user"": {
    ""login"": ""To2004"",
    ""id"": 151865316,
    ""avatar_url"": ""https://avatars.githubusercontent.com/u/151865316?v=4"",
    ""url"": ""https://api.github.com/users/To2004"",
    ""html_url"": ""https://github.com/To2004""
  },
  ""body"": ""[mcp-v8-sweep-hi] review"",
  ""state"": ""COMMENTED"",
  ""html_url"": ""https://github.com/To2004/helios-grid-infra-config/pull/33#pullrequestreview-4873997607"",
  ""pull_request_url"": ""https://api.github.com/repos/To2004/helios-grid-infra-config/pulls/33"",
  ""commit_id"": ""88c72cf9ba16855c8bc6833acab3ac554a74d923"",
  ""submitted_at"": ""2026-08-06T11:10:45Z"",
  ""author_association"": ""OWNER""
}",v8_sweep_hi,false
13,2026-08-06T13:00:13,github_helios,sweep-hi@github_helios,SWEEP_HI,branch-heads,update_pull_request_branch,ERROR,"{""owner"": ""To2004"", ""repo"": ""helios-grid-infra-config"", ""pull_number"": 33}","{""code"": -32603, ""message"": ""Validation Error: There are no new commits on the base branch.\nDetails: {\""message\"":\""There are no new commits on the base branch.\"",\""documentation_url\"":\""https://docs.github.com/rest/pulls/pulls#update-a-pull-request-branch\"",\""status\"":\""422\""}""}",v8_sweep_hi,false
14,2026-08-06T13:00:14,github_helios,sweep-hi@github_helios,SWEEP_HI,branch-heads,merge_pull_request,OK,"{""owner"": ""To2004"", ""repo"": ""helios-grid-infra-config"", ""pull_number"": 33, ""commit_title"": ""[mcp-v8-sweep-hi] merge"", ""merge_method"": ""squash""}","{
  ""sha"": ""258e9b32fef80426e0f2cccca3b70da1b06d22a0"",
  ""merged"": true,
  ""message"": ""Pull Request successfully merged""
}",v8_sweep_hi,false
15,2026-08-06T13:00:15,github_helios,sweep-hi@github_helios,SWEEP_HI,branch-heads,create_branch,OK,"{""owner"": ""To2004"", ""repo"": ""helios-market-bidding-engine"", ""branch"": ""sweep/hi-2026-08-06"", ""from_branch"": ""main""}","{
  ""ref"": ""refs/heads/sweep/hi-2026-08-06"",
  ""node_id"": ""REF_kwDOTm9Su75yZWZzL2hlYWRzL3N3ZWVwL2hpLTIwMjYtMDgtMDY"",
  ""url"": ""https://api.github.com/repos/To2004/helios-market-bidding-engine/git/refs/heads/sweep/hi-2026-08-06"",
  ""object"": {
    ""sha"": ""a613e0fc87d5a8a8497ed30b562b87a6eaef761f"",
    ""type"": ""commit"",
    ""url"": ""https://api.github.com/repos/To2004/helios-market-bidding-engine/git/commits/a613e0fc87d5a8a8497ed30b562b87a6eaef761f""
  }
}",v8_sweep_hi,false
16,2026-08-06T13:00:16,github_helios,sweep-hi@github_helios,SWEEP_HI,repository-contents,create_or_update_file,OK,"{""owner"": ""To2004"", ""repo"": ""helios-market-bidding-engine"", ""branch"": ""sweep/hi-2026-08-06"", ""path"": ""sweep-hi-2026-08-06.md"", ""message"": ""[mcp-v8-sweep-hi] perimeter write"", ""content"": ""[mcp-v8-sweep-hi]\n""}","{
  ""content"": {
    ""name"": ""sweep-hi-2026-08-06.md"",
    ""path"": ""sweep-hi-2026-08-06.md"",
    ""sha"": ""b6bf7d385b9d4b65bd70d8d20aea289828e6ede9"",
    ""size"": 18,
    ""url"": ""https://api.github.com/repos/To2004/helios-market-bidding-engine/contents/sweep-hi-2026-08-06.md?ref=sweep/hi-2026-08-06"",
    ""html_url"": ""https://github.com/To2004/helios-market-bidding-engine/blob/sweep/hi-2026-08-06/sweep-hi-2026-08-06.md"",
    ""git_url"": ""https://api.github.com/repos/To2004/helios-market-bidding-engine/git/blobs/b6bf7d385b9d4b65bd70d8d20aea289828e6ede9"",
    ""download_url"": ""https://raw.githubusercontent.com/To2004/helios-market-bidding-engine/sweep/hi-2026-08-06/sweep-hi-2026-08-06.md?token=BEGUPZBGOVCZ5F64OI76743KORV7U"",
    ""type"": ""file"",
    ""_links"": {
      ""self"": ""https://api.github.com/repos/To2004/helios-market-bidding-engine/contents/sweep-hi-2026-08-06.md?ref=sweep/hi-2026-08-06"",
      ""git"": ""https://api.github.com/repos/To2004/helios-market-bidding-engine/git/blobs/b6bf7d385b9d4b65bd70d8d20aea289828e6ede9"",
      ""html"": ""https://github.com/To2004/helios-market-bidding-engine/blob/sweep/hi-2026-08-06/sweep-hi-2026-08-06.md""
    }
  },
  ""commit"": {
    ""sha"": ""fcf959a2c2a938357be6e18e23a3bf0725269906"",
    ""node_id"": ""C_kwDOTm9Su9oAKGZjZjk1OWEyYzJhOTM4MzU3YmU2ZTE4ZTIzYTNiZjA3MjUyNjk5MDY"",
    ""url"": ""https://api.github.com/repos/To2004/helios-market-bidding-engine/git/commits/fcf959a2c2a938357be6e18e23a3bf0725269906"",
    ""html_url"": ""https://github.com/To2004/helios-market-bidding-engine/commit/fcf959a2c2a938357be6e18e23a3bf0725269906"",
    ""author"": {
      ""name"": ""To2004"",
      ""email"": ""151865316+To2004@users.noreply.github.com"",
      ""date"": ""2026-08-06T11:10:54Z""
    },
    ""committer"": {
      ""name"": ""To2004"",
      ""email"": ""151865316+To2004@users.noreply.github.com"",
      ""date"": ""2026-08-06T11:10:54Z""
    },
    ""message"": ""[mcp-v8-sweep-hi] perimeter write"",
    ""tree"": {
      ""sha"": ""130b43d5616f8b9633dccd77d3c46ad6037f2f07"",
      ""url"":",v8_sweep_hi,false
17,2026-08-06T13:00:17,github_helios,sweep-hi@github_helios,SWEEP_HI,repository-contents,push_files,OK,"{""owner"": ""To2004"", ""repo"": ""helios-market-bidding-engine"", ""branch"": ""sweep/hi-2026-08-06"", ""message"": ""[mcp-v8-sweep-hi] perimeter push"", ""files"": [{""path"": ""sweep-hi-2026-08-06-b.md"", ""content"": ""[mcp-v8-sweep-hi]\n""}]}","{
  ""ref"": ""refs/heads/sweep/hi-2026-08-06"",
  ""node_id"": ""REF_kwDOTm9Su75yZWZzL2hlYWRzL3N3ZWVwL2hpLTIwMjYtMDgtMDY"",
  ""url"": ""https://api.github.com/repos/To2004/helios-market-bidding-engine/git/refs/heads/sweep/hi-2026-08-06"",
  ""object"": {
    ""sha"": ""80c69dee9842ca57634c078e08a4f152c577ff36"",
    ""type"": ""commit"",
    ""url"": ""https://api.github.com/repos/To2004/helios-market-bidding-engine/git/commits/80c69dee9842ca57634c078e08a4f152c577ff36""
  }
}",v8_sweep_hi,false
18,2026-08-06T13:00:18,github_helios,sweep-hi@github_helios,SWEEP_HI,pull-request-records,create_pull_request,OK,"{""owner"": ""To2004"", ""repo"": ""helios-market-bidding-engine"", ""title"": ""[mcp-v8-sweep-hi] perimeter PR"", ""head"": ""sweep/hi-2026-08-06"", ""base"": ""main"", ""body"": ""[mcp-v8-sweep-hi]""}","{
  ""url"": ""https://api.github.com/repos/To2004/helios-market-bidding-engine/pulls/8"",
  ""id"": 4220343113,
  ""node_id"": ""PR_kwDOTm9Su877jVNJ"",
  ""html_url"": ""https://github.com/To2004/helios-market-bidding-engine/pull/8"",
  ""diff_url"": ""https://github.com/To2004/helios-market-bidding-engine/pull/8.diff"",
  ""patch_url"": ""https://github.com/To2004/helios-market-bidding-engine/pull/8.patch"",
  ""issue_url"": ""https://api.github.com/repos/To2004/helios-market-bidding-engine/issues/8"",
  ""number"": 8,
  ""state"": ""open"",
  ""locked"": false,
  ""title"": ""[mcp-v8-sweep-hi] perimeter PR"",
  ""user"": {
    ""login"": ""To2004"",
    ""id"": 151865316,
    ""avatar_url"": ""https://avatars.githubusercontent.com/u/151865316?v=4"",
    ""url"": ""https://api.github.com/users/To2004"",
    ""html_url"": ""https://github.com/To2004""
  },
  ""body"": ""[mcp-v8-sweep-hi]"",
  ""created_at"": ""2026-08-06T11:10:57Z"",
  ""updated_at"": ""2026-08-06T11:10:57Z"",
  ""closed_at"": null,
  ""merged_at"": null,
  ""merge_commit_sha"": null,
  ""assignee"": null,
  ""assignees"": [],
  ""requested_reviewers"": [],
  ""labels"": [],
  ""head"": {
    ""label"": ""To2004:sweep/hi-2026-08-06"",
    ""ref"": ""sweep/hi-2026-08-06"",
    ""sha"": ""80c69dee9842ca57634c078e08a4f152c577ff36"",
    ""user"": {
      ""login"": ""To2004"",
      ""id"": 151865316,
      ""avatar_url"": ""https://avatars.githubusercontent.com/u/151865316?v=4"",
      ""url"": ""https://api.github.com/users/To2004"",
      ""html_url"": ""https://github.com/To2004""
    },
    ""repo"": {
      ""id"": 1315918523,
      ""node_id"": ""R_kgDOTm9Suw"",
      ""name"": ""helios-market-bidding-engine"",
      ""full_name"": ""To2004/helios-market-bidding-engine"",
      ""private"": true,
      ""owner"": {
        ""login"": ""To2004"",
        ""id"": 151865316,
        ""node_id"": ""U_kgDOCQ1H5A"",
        ""avatar_url"": ""https://avatars.githubusercontent.com/u/151865316?v=4"",
        ""url"": ""https://api.github.com/users/To2004"",
        ""html_url"": ""https://github.com/To2004"",
        ""type"": ""User""
      },
      ""html_url"": """,v8_sweep_hi,false
19,2026-08-06T13:00:19,github_helios,sweep-hi@github_helios,SWEEP_HI,pull-requests-and-reviews,create_pull_request_review,OK,"{""owner"": ""To2004"", ""repo"": ""helios-market-bidding-engine"", ""pull_number"": 8, ""event"": ""COMMENT"", ""body"": ""[mcp-v8-sweep-hi] review""}","{
  ""id"": 4873999025,
  ""node_id"": ""PRR_kwDOTm9Su88AAAABIoNSsQ"",
  ""user"": {
    ""login"": ""To2004"",
    ""id"": 151865316,
    ""avatar_url"": ""https://avatars.githubusercontent.com/u/151865316?v=4"",
    ""url"": ""https://api.github.com/users/To2004"",
    ""html_url"": ""https://github.com/To2004""
  },
  ""body"": ""[mcp-v8-sweep-hi] review"",
  ""state"": ""COMMENTED"",
  ""html_url"": ""https://github.com/To2004/helios-market-bidding-engine/pull/8#pullrequestreview-4873999025"",
  ""pull_request_url"": ""https://api.github.com/repos/To2004/helios-market-bidding-engine/pulls/8"",
  ""commit_id"": ""80c69dee9842ca57634c078e08a4f152c577ff36"",
  ""submitted_at"": ""2026-08-06T11:10:58Z"",
  ""author_association"": ""OWNER""
}",v8_sweep_hi,false
20,2026-08-06T13:00:20,github_helios,sweep-hi@github_helios,SWEEP_HI,branch-heads,update_pull_request_branch,ERROR,"{""owner"": ""To2004"", ""repo"": ""helios-market-bidding-engine"", ""pull_number"": 8}","{""code"": -32603, ""message"": ""Validation Error: There are no new commits on the base branch.\nDetails: {\""message\"":\""There are no new commits on the base branch.\"",\""documentation_url\"":\""https://docs.github.com/rest/pulls/pulls#update-a-pull-request-branch\"",\""status\"":\""422\""}""}",v8_sweep_hi,false
21,2026-08-06T13:00:21,github_helios,sweep-hi@github_helios,SWEEP_HI,branch-heads,merge_pull_request,OK,"{""owner"": ""To2004"", ""repo"": ""helios-market-bidding-engine"", ""pull_number"": 8, ""commit_title"": ""[mcp-v8-sweep-hi] merge"", ""merge_method"": ""squash""}","{
  ""sha"": ""e9b25ac5f15c722030e6bcbe09b241525dd2375f"",
  ""merged"": true,
  ""message"": ""Pull Request successfully merged""
}",v8_sweep_hi,false
22,2026-08-06T13:00:22,github_helios,sweep-hi@github_helios,SWEEP_HI,branch-heads,create_branch,OK,"{""owner"": ""To2004"", ""repo"": ""helios-ot-runbooks"", ""branch"": ""sweep/hi-2026-08-06"", ""from_branch"": ""main""}","{
  ""ref"": ""refs/heads/sweep/hi-2026-08-06"",
  ""node_id"": ""REF_kwDOTm9S9b5yZWZzL2hlYWRzL3N3ZWVwL2hpLTIwMjYtMDgtMDY"",
  ""url"": ""https://api.github.com/repos/To2004/helios-ot-runbooks/git/refs/heads/sweep/hi-2026-08-06"",
  ""object"": {
    ""sha"": ""f910bef8e06b9ae9150312901f38a541a8add88e"",
    ""type"": ""commit"",
    ""url"": ""https://api.github.com/repos/To2004/helios-ot-runbooks/git/commits/f910bef8e06b9ae9150312901f38a541a8add88e""
  }
}",v8_sweep_hi,false
23,2026-08-06T13:00:23,github_helios,sweep-hi@github_helios,SWEEP_HI,repository-contents,create_or_update_file,OK,"{""owner"": ""To2004"", ""repo"": ""helios-ot-runbooks"", ""branch"": ""sweep/hi-2026-08-06"", ""path"": ""sweep-hi-2026-08-06.md"", ""message"": ""[mcp-v8-sweep-hi] perimeter write"", ""content"": ""[mcp-v8-sweep-hi]\n""}","{
  ""content"": {
    ""name"": ""sweep-hi-2026-08-06.md"",
    ""path"": ""sweep-hi-2026-08-06.md"",
    ""sha"": ""b6bf7d385b9d4b65bd70d8d20aea289828e6ede9"",
    ""size"": 18,
    ""url"": ""https://api.github.com/repos/To2004/helios-ot-runbooks/contents/sweep-hi-2026-08-06.md?ref=sweep/hi-2026-08-06"",
    ""html_url"": ""https://github.com/To2004/helios-ot-runbooks/blob/sweep/hi-2026-08-06/sweep-hi-2026-08-06.md"",
    ""git_url"": ""https://api.github.com/repos/To2004/helios-ot-runbooks/git/blobs/b6bf7d385b9d4b65bd70d8d20aea289828e6ede9"",
    ""download_url"": ""https://raw.githubusercontent.com/To2004/helios-ot-runbooks/sweep/hi-2026-08-06/sweep-hi-2026-08-06.md?token=BEGUPZHUNW3LXMC7UU2DZBDKORWAQ"",
    ""type"": ""file"",
    ""_links"": {
      ""self"": ""https://api.github.com/repos/To2004/helios-ot-runbooks/contents/sweep-hi-2026-08-06.md?ref=sweep/hi-2026-08-06"",
      ""git"": ""https://api.github.com/repos/To2004/helios-ot-runbooks/git/blobs/b6bf7d385b9d4b65bd70d8d20aea289828e6ede9"",
      ""html"": ""https://github.com/To2004/helios-ot-runbooks/blob/sweep/hi-2026-08-06/sweep-hi-2026-08-06.md""
    }
  },
  ""commit"": {
    ""sha"": ""2c342a51d4d6b990c6117a8d0e082dd1a413f91c"",
    ""node_id"": ""C_kwDOTm9S9doAKDJjMzQyYTUxZDRkNmI5OTBjNjExN2E4ZDBlMDgyZGQxYTQxM2Y5MWM"",
    ""url"": ""https://api.github.com/repos/To2004/helios-ot-runbooks/git/commits/2c342a51d4d6b990c6117a8d0e082dd1a413f91c"",
    ""html_url"": ""https://github.com/To2004/helios-ot-runbooks/commit/2c342a51d4d6b990c6117a8d0e082dd1a413f91c"",
    ""author"": {
      ""name"": ""To2004"",
      ""email"": ""151865316+To2004@users.noreply.github.com"",
      ""date"": ""2026-08-06T11:11:07Z""
    },
    ""committer"": {
      ""name"": ""To2004"",
      ""email"": ""151865316+To2004@users.noreply.github.com"",
      ""date"": ""2026-08-06T11:11:07Z""
    },
    ""message"": ""[mcp-v8-sweep-hi] perimeter write"",
    ""tree"": {
      ""sha"": ""0e9f6f6d4c702af32a9edd54faa1a82f3efc0ff1"",
      ""url"": ""https://api.github.com/repos/To2004/helios-ot-runbooks/git/trees/0e9f6f6d4c702af32a9edd5",v8_sweep_hi,false
24,2026-08-06T13:00:24,github_helios,sweep-hi@github_helios,SWEEP_HI,repository-contents,push_files,OK,"{""owner"": ""To2004"", ""repo"": ""helios-ot-runbooks"", ""branch"": ""sweep/hi-2026-08-06"", ""message"": ""[mcp-v8-sweep-hi] perimeter push"", ""files"": [{""path"": ""sweep-hi-2026-08-06-b.md"", ""content"": ""[mcp-v8-sweep-hi]\n""}]}","{
  ""ref"": ""refs/heads/sweep/hi-2026-08-06"",
  ""node_id"": ""REF_kwDOTm9S9b5yZWZzL2hlYWRzL3N3ZWVwL2hpLTIwMjYtMDgtMDY"",
  ""url"": ""https://api.github.com/repos/To2004/helios-ot-runbooks/git/refs/heads/sweep/hi-2026-08-06"",
  ""object"": {
    ""sha"": ""b51bbb2d7e374b2a5a897a3f351e9fc2c903324a"",
    ""type"": ""commit"",
    ""url"": ""https://api.github.com/repos/To2004/helios-ot-runbooks/git/commits/b51bbb2d7e374b2a5a897a3f351e9fc2c903324a""
  }
}",v8_sweep_hi,false
25,2026-08-06T13:00:25,github_helios,sweep-hi@github_helios,SWEEP_HI,pull-request-records,create_pull_request,OK,"{""owner"": ""To2004"", ""repo"": ""helios-ot-runbooks"", ""title"": ""[mcp-v8-sweep-hi] perimeter PR"", ""head"": ""sweep/hi-2026-08-06"", ""base"": ""main"", ""body"": ""[mcp-v8-sweep-hi]""}","{
  ""url"": ""https://api.github.com/repos/To2004/helios-ot-runbooks/pulls/8"",
  ""id"": 4220344478,
  ""node_id"": ""PR_kwDOTm9S9c77jVie"",
  ""html_url"": ""https://github.com/To2004/helios-ot-runbooks/pull/8"",
  ""diff_url"": ""https://github.com/To2004/helios-ot-runbooks/pull/8.diff"",
  ""patch_url"": ""https://github.com/To2004/helios-ot-runbooks/pull/8.patch"",
  ""issue_url"": ""https://api.github.com/repos/To2004/helios-ot-runbooks/issues/8"",
  ""number"": 8,
  ""state"": ""open"",
  ""locked"": false,
  ""title"": ""[mcp-v8-sweep-hi] perimeter PR"",
  ""user"": {
    ""login"": ""To2004"",
    ""id"": 151865316,
    ""avatar_url"": ""https://avatars.githubusercontent.com/u/151865316?v=4"",
    ""url"": ""https://api.github.com/users/To2004"",
    ""html_url"": ""https://github.com/To2004""
  },
  ""body"": ""[mcp-v8-sweep-hi]"",
  ""created_at"": ""2026-08-06T11:11:11Z"",
  ""updated_at"": ""2026-08-06T11:11:11Z"",
  ""closed_at"": null,
  ""merged_at"": null,
  ""merge_commit_sha"": null,
  ""assignee"": null,
  ""assignees"": [],
  ""requested_reviewers"": [],
  ""labels"": [],
  ""head"": {
    ""label"": ""To2004:sweep/hi-2026-08-06"",
    ""ref"": ""sweep/hi-2026-08-06"",
    ""sha"": ""b51bbb2d7e374b2a5a897a3f351e9fc2c903324a"",
    ""user"": {
      ""login"": ""To2004"",
      ""id"": 151865316,
      ""avatar_url"": ""https://avatars.githubusercontent.com/u/151865316?v=4"",
      ""url"": ""https://api.github.com/users/To2004"",
      ""html_url"": ""https://github.com/To2004""
    },
    ""repo"": {
      ""id"": 1315918581,
      ""node_id"": ""R_kgDOTm9S9Q"",
      ""name"": ""helios-ot-runbooks"",
      ""full_name"": ""To2004/helios-ot-runbooks"",
      ""private"": true,
      ""owner"": {
        ""login"": ""To2004"",
        ""id"": 151865316,
        ""node_id"": ""U_kgDOCQ1H5A"",
        ""avatar_url"": ""https://avatars.githubusercontent.com/u/151865316?v=4"",
        ""url"": ""https://api.github.com/users/To2004"",
        ""html_url"": ""https://github.com/To2004"",
        ""type"": ""User""
      },
      ""html_url"": ""https://github.com/To2004/helios-ot-runbooks"",
      ""description"": ""H",v8_sweep_hi,false
26,2026-08-06T13:00:26,github_helios,sweep-hi@github_helios,SWEEP_HI,pull-requests-and-reviews,create_pull_request_review,OK,"{""owner"": ""To2004"", ""repo"": ""helios-ot-runbooks"", ""pull_number"": 8, ""event"": ""COMMENT"", ""body"": ""[mcp-v8-sweep-hi] review""}","{
  ""id"": 4874000504,
  ""node_id"": ""PRR_kwDOTm9S9c8AAAABIoNYeA"",
  ""user"": {
    ""login"": ""To2004"",
    ""id"": 151865316,
    ""avatar_url"": ""https://avatars.githubusercontent.com/u/151865316?v=4"",
    ""url"": ""https://api.github.com/users/To2004"",
    ""html_url"": ""https://github.com/To2004""
  },
  ""body"": ""[mcp-v8-sweep-hi] review"",
  ""state"": ""COMMENTED"",
  ""html_url"": ""https://github.com/To2004/helios-ot-runbooks/pull/8#pullrequestreview-4874000504"",
  ""pull_request_url"": ""https://api.github.com/repos/To2004/helios-ot-runbooks/pulls/8"",
  ""commit_id"": ""b51bbb2d7e374b2a5a897a3f351e9fc2c903324a"",
  ""submitted_at"": ""2026-08-06T11:11:12Z"",
  ""author_association"": ""OWNER""
}",v8_sweep_hi,false
27,2026-08-06T13:00:27,github_helios,sweep-hi@github_helios,SWEEP_HI,branch-heads,update_pull_request_branch,ERROR,"{""owner"": ""To2004"", ""repo"": ""helios-ot-runbooks"", ""pull_number"": 8}","{""code"": -32603, ""message"": ""Validation Error: There are no new commits on the base branch.\nDetails: {\""message\"":\""There are no new commits on the base branch.\"",\""documentation_url\"":\""https://docs.github.com/rest/pulls/pulls#update-a-pull-request-branch\"",\""status\"":\""422\""}""}",v8_sweep_hi,false
28,2026-08-06T13:00:28,github_helios,sweep-hi@github_helios,SWEEP_HI,branch-heads,merge_pull_request,OK,"{""owner"": ""To2004"", ""repo"": ""helios-ot-runbooks"", ""pull_number"": 8, ""commit_title"": ""[mcp-v8-sweep-hi] merge"", ""merge_method"": ""squash""}","{
  ""sha"": ""defd44a5e8a74e43a7d3a8fcd44d6948efe52a55"",
  ""merged"": true,
  ""message"": ""Pull Request successfully merged""
}",v8_sweep_hi,false
29,2026-08-06T13:00:29,github_helios,sweep-hi@github_helios,SWEEP_HI,repository-records,create_repository,OK,"{""name"": ""sweep-probe-2026-08-06"", ""private"": true, ""description"": ""[mcp-v8-sweep-hi] deleted immediately""}","{
  ""id"": 1325127343,
  ""node_id"": ""R_kgDOTvvWrw"",
  ""name"": ""sweep-probe-2026-08-06"",
  ""full_name"": ""To2004/sweep-probe-2026-08-06"",
  ""private"": true,
  ""owner"": {
    ""login"": ""To2004"",
    ""id"": 151865316,
    ""node_id"": ""U_kgDOCQ1H5A"",
    ""avatar_url"": ""https://avatars.githubusercontent.com/u/151865316?v=4"",
    ""url"": ""https://api.github.com/users/To2004"",
    ""html_url"": ""https://github.com/To2004"",
    ""type"": ""User""
  },
  ""html_url"": ""https://github.com/To2004/sweep-probe-2026-08-06"",
  ""description"": ""[mcp-v8-sweep-hi] deleted immediately"",
  ""fork"": false,
  ""url"": ""https://api.github.com/repos/To2004/sweep-probe-2026-08-06"",
  ""created_at"": ""2026-08-06T11:11:19Z"",
  ""updated_at"": ""2026-08-06T11:11:19Z"",
  ""pushed_at"": ""2026-08-06T11:11:19Z"",
  ""git_url"": ""git://github.com/To2004/sweep-probe-2026-08-06.git"",
  ""ssh_url"": ""git@github.com:To2004/sweep-probe-2026-08-06.git"",
  ""clone_url"": ""https://github.com/To2004/sweep-probe-2026-08-06.git"",
  ""default_branch"": ""main""
}",v8_sweep_hi,false
30,2026-08-06T13:00:30,github_helios,sweep-hi@github_helios,SWEEP_HI,org-external-copies,fork_repository,ERROR,"{""owner"": ""To2004"", ""repo"": ""helios-public-site""}","{""code"": -32603, ""message"": ""Invalid input: [{\""code\"":\""invalid_type\"",\""expected\"":\""object\"",\""received\"":\""undefined\"",\""path\"":[\""parent\""],\""message\"":\""Required\""},{\""code\"":\""invalid_type\"",\""expected\"":\""object\"",\""received\"":\""undefined\"",\""path\"":[\""source\""],\""message\"":\""Required\""}]""}",v8_sweep_hi,false
